,Solomon Islands,Finland,Burkina Faso,Switzerland,Timor-Leste,Portugal,Chile,Bosnia and Herzegovina,Uruguay,Russian Federation
2017,72.645,81.6317073170732,60.768,83.5512195121951,69.007,81.4243902439025,79.909,77.128,77.632,72.4514634146342
2018,72.835,81.7341463414634,61.174,83.7536585365854,69.26,81.3243902439024,80.042,77.262,77.77,72.6621951219512
2019,72.996,81.9829268292683,61.577,83.9048780487805,69.495,81.6756097560976,80.181,77.401,77.911,73.0839024390244
2020,73.132,82.1317073170732,61.981,83.1,69.712,80.9756097560976,80.329,77.545,78.056,71.3387804878049
